{"cameraMode":{"drawMode":0,"name":"Shaded","section":"Shading Mode"},"sceneLighting":false,"audioPlay":false,"sceneViewState":{"showFog":true,"showMaterialUpdate":false,"showSkybox":false,"showFlares":true,"showImageEffects":true,"showParticleSystems":true},"in2DMode":false,"pivot":{"x":0.03370000049471855,"y":0.47929999232292178,"z":-5.715795993804932},"rotation":{"x":0.09756582975387573,"y":0.8588981628417969,"z":0.1795489639043808,"w":-0.4697467088699341},"size":0.18563410639762879,"orthographic":false}