{"cameraMode":{"drawMode":0,"name":"Shaded","section":"Shading Mode"},"sceneLighting":false,"audioPlay":false,"sceneViewState":{"showFog":true,"showMaterialUpdate":false,"showSkybox":false,"showFlares":true,"showImageEffects":true,"showParticleSystems":true},"in2DMode":false,"pivot":{"x":-0.04231292009353638,"y":-0.5099999904632568,"z":6.4959611892700199},"rotation":{"x":-0.13911844789981843,"y":0.30745404958724978,"z":-0.044959504157304767,"w":-0.9403291344642639},"size":2.8578836917877199,"orthographic":false}